// © 2016 and later: Unicode, Inc. and others.
// License & terms of use: http://www.unicode.org/copyright.html
// Generated using tools/cldr/cldr-to-icu/build-icu-data.xml
ceb{
    zoneStrings{
        "Asia:Saigon"{
            ec{"Siyudad sa Ho Chi Minh"}
        }
        "Etc:UTC"{
            ls{"Coordinated Universal Time"}
        }
        "Etc:Unknown"{
            ec{"Wala Mailhing Lungsod"}
        }
        "Europe:Dublin"{
            ld{"Irish Standard Time"}
        }
        "Europe:London"{
            ld{"British Summer Time"}
        }
        "Pacific:Enderbury"{
            ec{"Enderbury"}
        }
        "meta:Afghanistan"{
            ls{"Oras sa Afghanistan"}
        }
        "meta:Africa_Central"{
            ls{"Oras sa Central Africa"}
        }
        "meta:Africa_Eastern"{
            ls{"Oras sa East Africa"}
        }
        "meta:Africa_Southern"{
            ls{"Standard nga Oras sa South Africa"}
        }
        "meta:Africa_Western"{
            ld{"Oras sa Ting-init sa West Africa"}
            lg{"Oras sa West Africa"}
            ls{"Standard nga Oras sa West Africa"}
        }
        "meta:Alaska"{
            ld{"Daylight nga Oras sa Alaska"}
            lg{"Oras sa Alaska"}
            ls{"Standard nga Oras sa Alaska"}
        }
        "meta:Amazon"{
            ld{"Oras sa Ting-init sa Amazon"}
            lg{"Oras sa Amazon"}
            ls{"Standard nga Oras sa Amazon"}
        }
        "meta:America_Central"{
            ld{"Central Daylight Time"}
            lg{"Central Time"}
            ls{"Central Standard Time"}
        }
        "meta:America_Eastern"{
            ld{"Eastern Daylight Time"}
            lg{"Eastern Time"}
            ls{"Eastern Standard Time"}
        }
        "meta:America_Mountain"{
            ld{"Mountain Daylight Time"}
            lg{"Mountain Time"}
            ls{"Mountain Standard Time"}
        }
        "meta:America_Pacific"{
            ld{"Daylight nga Oras sa Pasipiko"}
            lg{"Oras sa Pasipiko"}
            ls{"Standard nga Oras sa Pasipiko"}
        }
        "meta:Apia"{
            ld{"Daylight nga Oras sa Apia"}
            lg{"Oras sa Apia"}
            ls{"Standard nga Oras sa Apia"}
        }
        "meta:Arabian"{
            ld{"Daylight nga Oras sa Arabia"}
            lg{"Oras sa Arabia"}
            ls{"Standard nga Oras sa Arabia"}
        }
        "meta:Argentina"{
            ld{"Oras sa Ting-init sa Argentina"}
            lg{"Oras sa Argentina"}
            ls{"Standard nga Oras sa Argentina"}
        }
        "meta:Argentina_Western"{
            ld{"Oras sa Ting-init sa Western Argentina"}
            lg{"Oras sa Western Argentina"}
            ls{"Standard nga Oras sa Western Argentina"}
        }
        "meta:Armenia"{
            ld{"Oras sa Ting-init sa Armenia"}
            lg{"Oras sa Armenia"}
            ls{"Standard nga Oras sa Armenia"}
        }
        "meta:Atlantic"{
            ld{"Daylight nga Oras sa Atlantic"}
            lg{"Oras sa Atlantic"}
            ls{"Standard nga Oras sa Atlantic"}
        }
        "meta:Australia_Central"{
            ld{"Daylight nga Oras sa Central Australia"}
            lg{"Oras sa Central Australia"}
            ls{"Standard nga Oras sa Central Australia"}
        }
        "meta:Australia_CentralWestern"{
            ld{"Daylight nga Oras sa Central Western Australia"}
            lg{"Oras sa Central Western Australia"}
            ls{"Standard nga Oras sa Central Western Australia"}
        }
        "meta:Australia_Eastern"{
            ld{"Daylight nga Oras sa Eastern Australia"}
            lg{"Oras sa Eastern Australia"}
            ls{"Standard nga Oras sa Eastern Australia"}
        }
        "meta:Australia_Western"{
            ld{"Daylight nga Oras sa Western Australia"}
            lg{"Oras sa Western Australia"}
            ls{"Standard nga Oras sa Western Australia"}
        }
        "meta:Azerbaijan"{
            ld{"Oras sa Ting-init sa Azerbaijan"}
            lg{"Oras sa Azerbaijan"}
            ls{"Standard nga Oras sa Azerbaijan"}
        }
        "meta:Azores"{
            ld{"Oras sa Ting-init sa Azores"}
            lg{"Oras sa Azores"}
            ls{"Standard nga Oras sa Azores"}
        }
        "meta:Bangladesh"{
            ld{"Oras sa Ting-init sa Bangladesh"}
            lg{"Oras sa Bangladesh"}
            ls{"Standard nga Oras sa Bangladesh"}
        }
        "meta:Bhutan"{
            ls{"Oras sa Bhutan"}
        }
        "meta:Bolivia"{
            ls{"Oras sa Bolivia"}
        }
        "meta:Brasilia"{
            ld{"Oras sa Ting-init sa Brasilia"}
            lg{"Oras sa Brasilia"}
            ls{"Standard nga Oras sa Brasilia"}
        }
        "meta:Brunei"{
            ls{"Oras sa Brunei Darussalam"}
        }
        "meta:Cape_Verde"{
            ld{"Oras sa Ting-init sa Cape Verde"}
            lg{"Oras sa Cape Verde"}
            ls{"Standard nga Oras sa Cape Verde"}
        }
        "meta:Chamorro"{
            ls{"Standard nga Oras sa Chamorro"}
        }
        "meta:Chatham"{
            ld{"Daylight nga Oras sa Chatham"}
            lg{"Oras sa Chatham"}
            ls{"Standard nga Oras sa Chatham"}
        }
        "meta:Chile"{
            ld{"Oras sa Ting-init sa Chile"}
            lg{"Oras sa Chile"}
            ls{"Standard nga Oras sa Chile"}
        }
        "meta:China"{
            ld{"Daylight nga Oras sa China"}
            lg{"Oras sa China"}
            ls{"Standard nga Oras sa China"}
        }
        "meta:Christmas"{
            ls{"Oras sa Christmas Island"}
        }
        "meta:Cocos"{
            ls{"Oras sa Cocos Islands"}
        }
        "meta:Colombia"{
            ld{"Oras sa Ting-init sa Colombia"}
            lg{"Oras sa Colombia"}
            ls{"Standard nga Oras sa Colombia"}
        }
        "meta:Cook"{
            ld{"Katungang Oras sa Ting-init sa Cook Islands"}
            lg{"Oras sa Cook Islands"}
            ls{"Standard nga Oras sa Cook Islands"}
        }
        "meta:Cuba"{
            ld{"Daylight nga Oras sa Cuba"}
            lg{"Oras sa Cuba"}
            ls{"Standard nga Oras sa Cuba"}
        }
        "meta:Davis"{
            ls{"Oras sa Davis"}
        }
        "meta:DumontDUrville"{
            ls{"Oras sa Dumont-d’Urville"}
        }
        "meta:East_Timor"{
            ls{"Oras sa East Timor"}
        }
        "meta:Easter"{
            ld{"Oras sa Ting-init sa Easter Island"}
            lg{"Oras sa Easter Island"}
            ls{"Standard nga Oras sa Easter Island"}
        }
        "meta:Ecuador"{
            ls{"Oras sa Ecuador"}
        }
        "meta:Europe_Central"{
            ld{"Oras sa Ting-init sa Central Europe"}
            lg{"Oras sa Central Europe"}
            ls{"Standard nga Oras sa Central Europe"}
        }
        "meta:Europe_Eastern"{
            ld{"Oras sa Ting-init sa Eastern Europe"}
            lg{"Oras sa Eastern Europe"}
            ls{"Standard nga Oras sa Eastern Europe"}
        }
        "meta:Europe_Further_Eastern"{
            ls{"Oras sa Further-eastern Europe"}
        }
        "meta:Europe_Western"{
            ld{"Oras sa Ting-init sa Western Europe"}
            lg{"Oras sa Western Europe"}
            ls{"Standard nga Oras sa Western Europe"}
        }
        "meta:Falkland"{
            ld{"Oras sa Ting-init sa Falkland Islands"}
            lg{"Oras sa Falkland Islands"}
            ls{"Standard nga Oras sa Falkland Islands"}
        }
        "meta:Fiji"{
            ld{"Oras sa Ting-init sa Fiji"}
            lg{"Oras sa Fiji"}
            ls{"Standard nga Oras sa Fiji"}
        }
        "meta:French_Guiana"{
            ls{"Oras sa French Guiana"}
        }
        "meta:French_Southern"{
            ls{"Oras sa French Southern ug Antarctic"}
        }
        "meta:GMT"{
            ls{"Oras sa Greenwich Mean"}
        }
        "meta:Galapagos"{
            ls{"Oras sa Galapagos"}
        }
        "meta:Gambier"{
            ls{"Oras sa Gambier"}
        }
        "meta:Georgia"{
            ld{"Oras sa Ting-init sa Georgia"}
            lg{"Oras sa Georgia"}
            ls{"Standard nga Oras sa Georgia"}
        }
        "meta:Gilbert_Islands"{
            ls{"Oras sa Gilbert Islands"}
        }
        "meta:Greenland_Eastern"{
            ld{"Oras sa Ting-init sa East Greenland"}
            lg{"Oras sa East Greenland"}
            ls{"Standard nga Oras sa East Greenland"}
        }
        "meta:Greenland_Western"{
            ld{"Oras sa Ting-init sa West Greenland"}
            lg{"Oras sa West Greenland"}
            ls{"Standard nga Oras sa West Greenland"}
        }
        "meta:Gulf"{
            ls{"Standard nga Oras sa Gulf"}
        }
        "meta:Guyana"{
            ls{"Oras sa Guyana"}
        }
        "meta:Hawaii_Aleutian"{
            ld{"Daylight nga Oras sa Hawaii-Aleutian"}
            lg{"Oras sa Hawaii-Aleutian"}
            ls{"Standard nga Oras sa Hawaii-Aleutian"}
        }
        "meta:Hong_Kong"{
            ld{"Oras sa Ting-init sa Hong Kong"}
            lg{"Oras sa Hong Kong"}
            ls{"Standard nga Oras sa Hong Kong"}
        }
        "meta:Hovd"{
            ld{"Oras sa Ting-init sa Hovd"}
            lg{"Oras sa Hovd"}
            ls{"Standard nga Oras sa Hovd"}
        }
        "meta:India"{
            ls{"Standard nga Oras sa India"}
        }
        "meta:Indian_Ocean"{
            ls{"Oras sa Indian Ocean"}
        }
        "meta:Indochina"{
            ls{"Oras sa Indochina"}
        }
        "meta:Indonesia_Central"{
            ls{"Oras sa Central Indonesia"}
        }
        "meta:Indonesia_Eastern"{
            ls{"Oras sa Eastern Indonesia"}
        }
        "meta:Indonesia_Western"{
            ls{"Oras sa Western Indonesia"}
        }
        "meta:Iran"{
            ld{"Daylight nga Oras sa Iran"}
            lg{"Oras sa Iran"}
            ls{"Standard nga Oras sa Iran"}
        }
        "meta:Irkutsk"{
            ld{"Oras sa Ting-init sa Irkutsk"}
            lg{"Oras sa Irkutsk"}
            ls{"Standard nga Oras sa Irkutsk"}
        }
        "meta:Israel"{
            ld{"Daylight nga Oras sa Israel"}
            lg{"Oras sa Israel"}
            ls{"Standard nga Oras sa Israel"}
        }
        "meta:Japan"{
            ld{"Daylight nga Oras sa Japan"}
            lg{"Oras sa Japan"}
            ls{"Standard nga Oras sa Japan"}
        }
        "meta:Kazakhstan"{
            ls{"Oras sa Kazakhstan"}
        }
        "meta:Kazakhstan_Eastern"{
            ls{"Oras sa East Kazakhstan"}
        }
        "meta:Kazakhstan_Western"{
            ls{"Oras sa West Kazakhstan"}
        }
        "meta:Korea"{
            ld{"Daylight nga Oras sa Korea"}
            lg{"Oras sa Korea"}
            ls{"Standard nga Oras sa Korea"}
        }
        "meta:Kosrae"{
            ls{"Oras sa Kosrae"}
        }
        "meta:Krasnoyarsk"{
            ld{"Oras sa Ting-init sa Krasnoyarsk"}
            lg{"Oras sa Krasnoyarsk"}
            ls{"Standard nga Oras sa Krasnoyarsk"}
        }
        "meta:Kyrgystan"{
            ls{"Oras sa Kyrgyzstan"}
        }
        "meta:Line_Islands"{
            ls{"Oras sa Line Islands"}
        }
        "meta:Lord_Howe"{
            ld{"Daylight nga Oras sa Lord Howe"}
            lg{"Oras sa Lord Howe"}
            ls{"Standard nga Oras sa Lord Howe"}
        }
        "meta:Magadan"{
            ld{"Oras sa Ting-init sa Magadan"}
            lg{"Oras sa Magadan"}
            ls{"Standard nga Oras sa Magadan"}
        }
        "meta:Malaysia"{
            ls{"Oras sa Malaysia"}
        }
        "meta:Maldives"{
            ls{"Oras sa Maldives"}
        }
        "meta:Marquesas"{
            ls{"Oras sa Marquesas"}
        }
        "meta:Marshall_Islands"{
            ls{"Oras sa Marshall Islands"}
        }
        "meta:Mauritius"{
            ld{"Oras sa Ting-init sa Mauritius"}
            lg{"Oras sa Mauritius"}
            ls{"Standard nga Oras sa Mauritius"}
        }
        "meta:Mawson"{
            ls{"Oras sa Mawson"}
        }
        "meta:Mexico_Pacific"{
            ld{"Daylight nga Oras sa Mexican Pacific"}
            lg{"Oras sa Mexican Pacific"}
            ls{"Standard nga Oras sa Mexican Pacific"}
        }
        "meta:Mongolia"{
            ld{"Oras sa Ting-init sa Ulaanbaatar"}
            lg{"Oras sa Ulaanbaatar"}
            ls{"Standard nga Oras sa Ulaanbaatar"}
        }
        "meta:Moscow"{
            ld{"Oras sa Ting-init sa Moscow"}
            lg{"Oras sa Moscow"}
            ls{"Standard nga Oras sa Moscow"}
        }
        "meta:Myanmar"{
            ls{"Oras sa Myanmar"}
        }
        "meta:Nauru"{
            ls{"Oras sa Nauru"}
        }
        "meta:Nepal"{
            ls{"Oras sa Nepal"}
        }
        "meta:New_Caledonia"{
            ld{"Oras sa Ting-init sa New Caledonia"}
            lg{"Oras sa New Caledonia"}
            ls{"Standard nga Oras sa New Caledonia"}
        }
        "meta:New_Zealand"{
            ld{"Daylight nga Oras sa New Zealand"}
            lg{"Oras sa New Zealand"}
            ls{"Standard nga Oras sa New Zealand"}
        }
        "meta:Newfoundland"{
            ld{"Daylight nga Oras sa Newfoundland"}
            lg{"Oras sa Newfoundland"}
            ls{"Standard nga Oras sa Newfoundland"}
        }
        "meta:Niue"{
            ls{"Oras sa Niue"}
        }
        "meta:Norfolk"{
            ld{"Daylight nga Oras sa Norfolk Island"}
            lg{"Oras sa Norfolk Island"}
            ls{"Standard nga Oras sa Norfolk Island"}
        }
        "meta:Noronha"{
            ld{"Oras sa Ting-init sa Fernando de Noronha"}
            lg{"Oras sa Fernando de Noronha"}
            ls{"Standard nga Oras sa Fernando de Noronha"}
        }
        "meta:Novosibirsk"{
            ld{"Oras sa Ting-init sa Novosibirsk"}
            lg{"Oras sa Novosibirsk"}
            ls{"Standard nga Oras sa Novosibirsk"}
        }
        "meta:Omsk"{
            ld{"Oras sa Ting-init sa Omsk"}
            lg{"Oras sa Omsk"}
            ls{"Standard nga Oras sa Omsk"}
        }
        "meta:Pakistan"{
            ld{"Oras sa Ting-init sa Pakistan"}
            lg{"Oras sa Pakistan"}
            ls{"Standard nga Oras sa Pakistan"}
        }
        "meta:Palau"{
            ls{"Oras sa Palau"}
        }
        "meta:Papua_New_Guinea"{
            ls{"Oras sa Papua New Guinea"}
        }
        "meta:Paraguay"{
            ld{"Oras sa Ting-init sa Paraguay"}
            lg{"Oras sa Paraguay"}
            ls{"Standard nga Oras sa Paraguay"}
        }
        "meta:Peru"{
            ld{"Oras sa Ting-init sa Peru"}
            lg{"Oras sa Peru"}
            ls{"Standard nga Oras sa Peru"}
        }
        "meta:Philippines"{
            ld{"Oras sa Ting-init sa Pilipinas"}
            lg{"Oras sa Pilipinas"}
            ls{"Standard nga Oras sa Pilipinas"}
        }
        "meta:Phoenix_Islands"{
            ls{"Oras sa Phoenix Islands"}
        }
        "meta:Pierre_Miquelon"{
            ld{"Daylight nga Oras sa St. Pierre & Miquelon"}
            lg{"Oras sa St. Pierre & Miquelon"}
            ls{"Standard nga Oras sa St. Pierre & Miquelon"}
        }
        "meta:Pitcairn"{
            ls{"Oras sa Pitcairn"}
        }
        "meta:Ponape"{
            ls{"Oras sa Ponape"}
        }
        "meta:Pyongyang"{
            ls{"Oras sa Pyongyang"}
        }
        "meta:Reunion"{
            ls{"Oras sa Reunion"}
        }
        "meta:Rothera"{
            ls{"Oras sa Rothera"}
        }
        "meta:Sakhalin"{
            ld{"Oras sa Ting-init sa Sakhalin"}
            lg{"Oras sa Sakhalin"}
            ls{"Standard nga Oras sa Sakhalin"}
        }
        "meta:Samoa"{
            ld{"Daylight nga Oras sa Samoa"}
            lg{"Oras sa Samoa"}
            ls{"Standard nga Oras sa Samoa"}
        }
        "meta:Seychelles"{
            ls{"Oras sa Seychelles"}
        }
        "meta:Singapore"{
            ls{"Standard nga Oras sa Singapore"}
        }
        "meta:Solomon"{
            ls{"Oras sa Solomon Islands"}
        }
        "meta:South_Georgia"{
            ls{"Oras sa South Georgia"}
        }
        "meta:Suriname"{
            ls{"Oras sa Suriname"}
        }
        "meta:Syowa"{
            ls{"Oras sa Syowa"}
        }
        "meta:Tahiti"{
            ls{"Oras sa Tahiti"}
        }
        "meta:Taipei"{
            ld{"Daylight nga Oras sa Taipei"}
            lg{"Oras sa Taipei"}
            ls{"Standard nga Oras sa Taipei"}
        }
        "meta:Tajikistan"{
            ls{"Oras sa Tajikistan"}
        }
        "meta:Tokelau"{
            ls{"Oras sa Tokelau"}
        }
        "meta:Tonga"{
            ld{"Oras sa Ting-init sa Tonga"}
            lg{"Oras sa Tonga"}
            ls{"Standard nga Oras sa Tonga"}
        }
        "meta:Truk"{
            ls{"Oras sa Chuuk"}
        }
        "meta:Turkmenistan"{
            ld{"Oras sa Ting-init sa Turkmenistan"}
            lg{"Oras sa Turkmenistan"}
            ls{"Standard nga Oras sa Turkmenistan"}
        }
        "meta:Tuvalu"{
            ls{"Oras sa Tuvalu"}
        }
        "meta:Uruguay"{
            ld{"Oras sa Ting-init sa Uruguay"}
            lg{"Oras sa Uruguay"}
            ls{"Standard nga Oras sa Uruguay"}
        }
        "meta:Uzbekistan"{
            ld{"Oras sa Ting-init sa Uzbekistan"}
            lg{"Oras sa Uzbekistan"}
            ls{"Standard nga Oras sa Uzbekistan"}
        }
        "meta:Vanuatu"{
            ld{"Oras sa Ting-init sa Vanuatu"}
            lg{"Oras sa Vanuatu"}
            ls{"Standard nga Oras sa Vanuatu"}
        }
        "meta:Venezuela"{
            ls{"Oras sa Venezuela"}
        }
        "meta:Vladivostok"{
            ld{"Oras sa Ting-init sa Vladivostok"}
            lg{"Oras sa Vladivostok"}
            ls{"Standard nga Oras sa Vladivostok"}
        }
        "meta:Volgograd"{
            ld{"Oras sa Ting-init sa Volgograd"}
            lg{"Oras sa Volgograd"}
            ls{"Standard nga Oras sa Volgograd"}
        }
        "meta:Vostok"{
            ls{"Oras sa Vostok"}
        }
        "meta:Wake"{
            ls{"Oras sa Wake Island"}
        }
        "meta:Wallis"{
            ls{"Oras sa Wallis & Futuna"}
        }
        "meta:Yakutsk"{
            ld{"Oras sa Ting-init sa Yakutsk"}
            lg{"Oras sa Yakutsk"}
            ls{"Standard nga Oras sa Yakutsk"}
        }
        "meta:Yekaterinburg"{
            ld{"Oras sa Ting-init sa Yekaterinburg"}
            lg{"Oras sa Yekaterinburg"}
            ls{"Standard nga Oras sa Yekaterinburg"}
        }
        "meta:Yukon"{
            ls{"Oras sa Yukon"}
        }
        fallbackFormat{"{1} {0}"}
        gmtFormat{"GMT {0}"}
        regionFormat{"Oras sa {0}"}
        regionFormatDaylight{"Daylight nga Oras sa {0}"}
        regionFormatStandard{"Standard nga Oras sa {0}"}
    }
}
